Another man (Baresi Dub-ble Trouble Edit),Barbara Mason,Jazz-Funk,89.0,2010
Spaghetti Circus (Original Mix),Still Going,House,123.0,2009
1982 (Original Mix),Miss Kittin; The Hacker,Electronica,126.0,2007
Dance,Earth People,House,123.9,1994
Superstylin,Groove Armada,House,125.0,2001
Curious (Vocal Mix),Sun Sun; Sun,House,123.0,2000
I Regret The Flower I Sent,Black Devil Disco Club,Electronica,123.0,2009
Your Personal Filth,Big Two Hundred,Electronica,123.0,2003
San Fran Funk,Afrodisiac's Dark Band,Electronica,123.0,2005
Now (Special Extended Club Remix),Vibaraphone,Deep House,123.0,2000
Newport (San Fran Mix),4Waves,Deep House,123.0,2000
Hey Tam Me On (Tony Humphries Got U Tuned On Dub),Nina Simone,House,123.0,2000
Sound Of The Lies,Driftyhaze,Indie Dance,123.0,2000
My Tuna,Driftyhaze,House,123.0,2000
My Excuse (Nile Version),Driftyhaze,Indie Dance,123.0,2000
My Excuse,Driftyhaze,Electronica,123.0,2000
Foolish Ways,Lipa Rudman,Electronica,123.0,2000
Gloria Muse (The Yoga Song),Driftyhaze,House,123.0,2000
My Excuse (Original Mix),The Parallax Corporation,Electronica,123.0,2000